employee_id,employee_name,gender,department_id
E0001,伊藤美子,FEMALE,6
E0002,加藤五郎,MALE,9
E0003,渡辺由美子,FEMALE,10
E0004,鈴木由美子,FEMALE,9
E0005,小林太郎,MALE,1
E0006,渡辺三郎,MALE,7
E0007,高橋太郎,MALE,9
E0008,高橋恵子,FEMALE,3
E0009,鈴木次郎,MALE,2
E0010,伊藤恵子,FEMALE,3
E0011,伊藤次郎,MALE,3
E0012,小林恵子,FEMALE,7
E0013,渡辺花子,FEMALE,3
E0014,山田五郎,MALE,3
E0015,佐藤五郎,MALE,3
E0016,田中由美子,FEMALE,8
E0017,伊藤五郎,MALE,4
E0018,伊藤由美子,FEMALE,1
E0019,田中由美子,FEMALE,9
E0020,山田五郎,MALE,3
E0021,小林五郎,MALE,9
E0022,中村太郎,MALE,5
E0023,小林五郎,MALE,9
E0024,伊藤紀子,FEMALE,8
E0025,渡辺美子,FEMALE,8
E0026,高橋次郎,MALE,10
E0027,高橋四郎,MALE,7
E0028,伊藤花子,FEMALE,6
E0029,中村紀子,FEMALE,2
E0030,加藤由美子,FEMALE,1
E0031,高橋四郎,MALE,7
E0032,高橋美子,FEMALE,5
E0033,小林花子,FEMALE,2
E0034,佐藤太郎,MALE,3
E0035,小林太郎,MALE,7
E0036,山田四郎,MALE,4
E0037,伊藤三郎,MALE,2
E0038,山田太郎,MALE,1
E0039,鈴木美子,FEMALE,2
E0040,田中五郎,MALE,9
E0041,伊藤太郎,MALE,1
E0042,渡辺美子,FEMALE,4
E0043,田中恵子,FEMALE,3
E0044,田中紀子,FEMALE,7
E0045,伊藤美子,FEMALE,7
E0046,中村恵子,FEMALE,5
E0047,中村四郎,MALE,10
E0048,加藤紀子,FEMALE,6
E0049,高橋次郎,MALE,1
E0050,渡辺由美子,FEMALE,7
E0051,伊藤恵子,FEMALE,6
E0052,山田美子,FEMALE,4
E0053,田中恵子,FEMALE,9
E0054,中村三郎,MALE,10
E0055,小林五郎,MALE,5
E0056,加藤四郎,MALE,8
E0057,山田由美子,FEMALE,10
E0058,田中由美子,FEMALE,9
E0059,渡辺花子,FEMALE,2
E0060,山田太郎,MALE,5
E0061,高橋花子,FEMALE,10
E0062,小林花子,FEMALE,4
E0063,高橋三郎,MALE,1
E0064,山田四郎,MALE,1
E0065,山田恵子,FEMALE,2
E0066,加藤紀子,FEMALE,1
E0067,佐藤太郎,MALE,4
E0068,小林次郎,MALE,4
E0069,山田三郎,MALE,5
E0070,中村四郎,MALE,7
E0071,高橋由美子,FEMALE,5
E0072,中村四郎,MALE,9
E0073,山田太郎,MALE,3
E0074,佐藤由美子,FEMALE,1
E0075,小林由美子,FEMALE,1
E0076,渡辺五郎,MALE,7
E0077,中村三郎,MALE,7
E0078,伊藤五郎,MALE,9
E0079,中村四郎,MALE,4
E0080,高橋恵子,FEMALE,4
E0081,小林花子,FEMALE,7
E0082,佐藤太郎,MALE,8
E0083,加藤紀子,FEMALE,4
E0084,小林三郎,MALE,9
E0085,鈴木次郎,MALE,4
E0086,伊藤四郎,MALE,10
E0087,伊藤次郎,MALE,2
E0088,小林紀子,FEMALE,7
E0089,小林太郎,MALE,4
E0090,高橋次郎,MALE,5
E0091,伊藤五郎,MALE,6
E0092,田中次郎,MALE,1
E0093,加藤五郎,MALE,7
E0094,小林恵子,FEMALE,9
E0095,佐藤由美子,FEMALE,10
E0096,佐藤四郎,MALE,6
E0097,加藤花子,FEMALE,5
E0098,田中紀子,FEMALE,6
E0099,佐藤美子,FEMALE,1
E0100,佐藤由美子,FEMALE,4
